{"schemaVersion":"1.0","appDefinitionTemplate":{"id":"/providers/Microsoft.PowerApps/apps/","type":"Microsoft.PowerApps/apps","tags":{"primaryDeviceWidth":"1366","primaryDeviceHeight":"768","supportsPortrait":"true","supportsLandscape":"true","primaryFormFactor":"Tablet","showStatusBar":"false","publisherVersion":"3.23105.18","minimumRequiredApiVersion":"2.2.0","hasComponent":"false","hasUnlockedComponent":"false","isUnifiedRootApp":"false","sienaVersion":"20231130T023826Z-3.23105.18.0"},"properties":{"appVersion":"2023-11-30T02:38:26Z","lifeCycleId":"Published","createdByClientVersion":{"major":3,"minor":23105,"build":18,"revision":0,"majorRevision":0,"minorRevision":0},"minClientVersion":{"major":3,"minor":23105,"build":18,"revision":0,"majorRevision":0,"minorRevision":0},"backgroundColor":"RGBA(0,176,240,1)","backgroundImageUri":"/12394154811031107503/Nd60c07e0-c8e3-49fe-a922-9b9302908a9a-logoSmallFile","displayName":"AppPokemon","description":"","aiGeneratedDescription":"Empower business users to consume and display Pokemon data with ease using AppPokemon.","commitMessage":"","appUris":{"documentUri":{"value":"/12394154811031107503/Ne614612f-78c7-4bee-b505-3e3ed90e69ab-document.msapp"},"imageUris":[],"additionalUris":[]},"createdTime":"0001-01-01T00:00:00Z","lastModifiedTime":"0001-01-01T00:00:00Z","sharedGroupsCount":0,"sharedUsersCount":0,"connectionReferences":{"7c65991b-4fa5-4e10-a05c-79839bda1bb8":{"id":"7d820010-7660-45c4-b128-e32209d40bdf","displayName":"Logic flows","iconUri":"https://connectoricons-prod.azureedge.net/releases/v1.0.1664/1.0.1664.3477/logicflows/icon.png","dataSources":["Consumirpokeapi"],"dependencies":[],"dependents":[],"parameterHints":{"workflowName":{"value":"0fbee484-7cb8-4c62-b343-67cd2f8282cd"},"workflowEntityId":{}},"parameterHintsV2":{"workflowName":{"value":"0fbee484-7cb8-4c62-b343-67cd2f8282cd"},"workflowEntityId":{}},"isOnPremiseConnection":false,"bypassConsent":false,"dataSets":{},"apiTier":"Standard","isCustomApiConnection":false,"actions":["Run"],"nestedActions":[]}},"databaseReferences":{},"almMode":"Environment","performanceOptimizationEnabled":true,"canConsumeAppPass":true,"enableModernRuntimeMode":false,"executionRestrictions":{"isTeamsOnly":false,"dataLossPreventionEvaluationResult":{"status":"Compliant","lastEvaluationDate":"2023-11-30T02:38:47.9972796Z","violations":[],"violationsByPolicy":[],"violationErrorMessage":"The app uses the following connectors: shared_logicflows."},"httpActionRestriction":{"appUsesSharepointHttpAction":false,"enforcementStrategy":"Legacy","evaluationTime":"2023-11-30T02:38:47.9972278Z"}}},"appType":"ClassicCanvasApp","appComponents":[]}}