{"name":"14452153-ba20-4eac-8127-9187e3f08820","id":"/providers/Microsoft.Flow/flows/14452153-ba20-4eac-8127-9187e3f08820","type":"Microsoft.Flow/flows","properties":{"apiId":"/providers/Microsoft.PowerApps/apis/shared_logicflows","displayName":"Consumir pokeapi","definition":{"metadata":{"workflowEntityId":null,"processAdvisorMetadata":null,"flowChargedByPaygo":null,"flowclientsuspensionreason":"None","flowclientsuspensiontime":null,"flowclientsuspensionreasondetails":null,"creator":{"id":"0f955380-c8d4-4b77-92e8-fd94abf593e8","type":"User","tenantId":"585a4d92-db1d-4bbb-b5ac-c5299e3894e3"},"provisioningMethod":"FromDefinition","failureAlertSubscription":true,"clientLastModifiedTime":"2023-11-30T02:28:59.4487355Z","connectionKeySavedTimeKey":"2023-11-30T02:28:59.4487355Z"},"$schema":"https://schema.management.azure.com/providers/Microsoft.Logic/schemas/2016-06-01/workflowdefinition.json#","contentVersion":"1.0.0.0","parameters":{"$authentication":{"defaultValue":{},"type":"SecureObject"},"$connections":{"defaultValue":{},"type":"Object"}},"triggers":{"manual":{"metadata":{"operationMetadataId":"a22f2e29-e81e-4a64-8ddb-01a9901b74aa"},"type":"Request","kind":"PowerAppV2","inputs":{"schema":{"type":"object","properties":{"text":{"title":"nombre","type":"string","x-ms-dynamically-added":true,"description":"Please enter your input","x-ms-content-hint":"TEXT"}},"required":["text"]}}}},"actions":{"HTTP":{"runAfter":{},"metadata":{"operationMetadataId":"2cf9ab7c-5051-43ed-ba44-662c6c1f7e23"},"type":"Http","inputs":{"uri":"https://pokeapi.co/api/v2/pokemon/@{triggerBody()['text']}","method":"GET"}},"Parse_JSON":{"runAfter":{"HTTP":["Succeeded"]},"metadata":{"operationMetadataId":"1e32a85b-0329-4ce2-8601-750f0ced60e1"},"type":"ParseJson","inputs":{"content":"@body('HTTP')","schema":{"type":"object","properties":{"abilities":{"type":"array","items":{"type":"object","properties":{"ability":{"type":"object","properties":{"name":{"type":"string"},"url":{"type":"string"}}},"is_hidden":{"type":"boolean"},"slot":{"type":"integer"}},"required":["ability","is_hidden","slot"]}},"base_experience":{"type":"integer"},"forms":{"type":"array","items":{"type":"object","properties":{"name":{"type":"string"},"url":{"type":"string"}},"required":["name","url"]}},"game_indices":{"type":"array","items":{"type":"object","properties":{"game_index":{"type":"integer"},"version":{"type":"object","properties":{"name":{"type":"string"},"url":{"type":"string"}}}},"required":["game_index","version"]}},"height":{"type":"integer"},"held_items":{"type":"array","items":{"type":"object","properties":{"item":{"type":"object","properties":{"name":{"type":"string"},"url":{"type":"string"}}},"version_details":{"type":"array","items":{"type":"object","properties":{"rarity":{"type":"integer"},"version":{"type":"object","properties":{"name":{"type":"string"},"url":{"type":"string"}}}},"required":["rarity","version"]}}},"required":["item","version_details"]}},"id":{"type":"integer"},"is_default":{"type":"boolean"},"location_area_encounters":{"type":"string"},"moves":{"type":"array","items":{"type":"object","properties":{"move":{"type":"object","properties":{"name":{"type":"string"},"url":{"type":"string"}}},"version_group_details":{"type":"array","items":{"type":"object","properties":{"level_learned_at":{"type":"integer"},"move_learn_method":{"type":"object","properties":{"name":{"type":"string"},"url":{"type":"string"}}},"version_group":{"type":"object","properties":{"name":{"type":"string"},"url":{"type":"string"}}}},"required":["level_learned_at","move_learn_method","version_group"]}}},"required":["move","version_group_details"]}},"name":{"type":"string"},"order":{"type":"integer"},"past_abilities":{"type":"array"},"past_types":{"type":"array"},"species":{"type":"object","properties":{"name":{"type":"string"},"url":{"type":"string"}}},"sprites":{"type":"object","properties":{"back_default":{"type":"string"},"back_female":{"type":"string"},"back_shiny":{"type":"string"},"back_shiny_female":{"type":"string"},"front_default":{"type":"string"},"front_female":{"type":"string"},"front_shiny":{"type":"string"},"front_shiny_female":{"type":"string"},"other":{"type":"object","properties":{"dream_world":{"type":"object","properties":{"front_default":{"type":"string"},"front_female":{}}},"home":{"type":"object","properties":{"front_default":{"type":"string"},"front_female":{"type":"string"},"front_shiny":{"type":"string"},"front_shiny_female":{"type":"string"}}},"official-artwork":{"type":"object","properties":{"front_default":{"type":"string"},"front_shiny":{"type":"string"}}}}},"versions":{"type":"object","properties":{"generation-i":{"type":"object","properties":{"red-blue":{"type":"object","properties":{"back_default":{"type":"string"},"back_gray":{"type":"string"},"back_transparent":{"type":"string"},"front_default":{"type":"string"},"front_gray":{"type":"string"},"front_transparent":{"type":"string"}}},"yellow":{"type":"object","properties":{"back_default":{"type":"string"},"back_gray":{"type":"string"},"back_transparent":{"type":"string"},"front_default":{"type":"string"},"front_gray":{"type":"string"},"front_transparent":{"type":"string"}}}}},"generation-ii":{"type":"object","properties":{"crystal":{"type":"object","properties":{"back_default":{"type":"string"},"back_shiny":{"type":"string"},"back_shiny_transparent":{"type":"string"},"back_transparent":{"type":"string"},"front_default":{"type":"string"},"front_shiny":{"type":"string"},"front_shiny_transparent":{"type":"string"},"front_transparent":{"type":"string"}}},"gold":{"type":"object","properties":{"back_default":{"type":"string"},"back_shiny":{"type":"string"},"front_default":{"type":"string"},"front_shiny":{"type":"string"},"front_transparent":{"type":"string"}}},"silver":{"type":"object","properties":{"back_default":{"type":"string"},"back_shiny":{"type":"string"},"front_default":{"type":"string"},"front_shiny":{"type":"string"},"front_transparent":{"type":"string"}}}}},"generation-iii":{"type":"object","properties":{"emerald":{"type":"object","properties":{"front_default":{"type":"string"},"front_shiny":{"type":"string"}}},"firered-leafgreen":{"type":"object","properties":{"back_default":{"type":"string"},"back_shiny":{"type":"string"},"front_default":{"type":"string"},"front_shiny":{"type":"string"}}},"ruby-sapphire":{"type":"object","properties":{"back_default":{"type":"string"},"back_shiny":{"type":"string"},"front_default":{"type":"string"},"front_shiny":{"type":"string"}}}}},"generation-iv":{"type":"object","properties":{"diamond-pearl":{"type":"object","properties":{"back_default":{"type":"string"},"back_female":{"type":"string"},"back_shiny":{"type":"string"},"back_shiny_female":{"type":"string"},"front_default":{"type":"string"},"front_female":{"type":"string"},"front_shiny":{"type":"string"},"front_shiny_female":{"type":"string"}}},"heartgold-soulsilver":{"type":"object","properties":{"back_default":{"type":"string"},"back_female":{"type":"string"},"back_shiny":{"type":"string"},"back_shiny_female":{"type":"string"},"front_default":{"type":"string"},"front_female":{"type":"string"},"front_shiny":{"type":"string"},"front_shiny_female":{"type":"string"}}},"platinum":{"type":"object","properties":{"back_default":{"type":"string"},"back_female":{"type":"string"},"back_shiny":{"type":"string"},"back_shiny_female":{"type":"string"},"front_default":{"type":"string"},"front_female":{"type":"string"},"front_shiny":{"type":"string"},"front_shiny_female":{"type":"string"}}}}},"generation-v":{"type":"object","properties":{"black-white":{"type":"object","properties":{"animated":{"type":"object","properties":{"back_default":{"type":"string"},"back_female":{"type":"string"},"back_shiny":{"type":"string"},"back_shiny_female":{"type":"string"},"front_default":{"type":"string"},"front_female":{"type":"string"},"front_shiny":{"type":"string"},"front_shiny_female":{"type":"string"}}},"back_default":{"type":"string"},"back_female":{"type":"string"},"back_shiny":{"type":"string"},"back_shiny_female":{"type":"string"},"front_default":{"type":"string"},"front_female":{"type":"string"},"front_shiny":{"type":"string"},"front_shiny_female":{"type":"string"}}}}},"generation-vi":{"type":"object","properties":{"omegaruby-alphasapphire":{"type":"object","properties":{"front_default":{"type":"string"},"front_female":{"type":"string"},"front_shiny":{"type":"string"},"front_shiny_female":{"type":"string"}}},"x-y":{"type":"object","properties":{"front_default":{"type":"string"},"front_female":{"type":"string"},"front_shiny":{"type":"string"},"front_shiny_female":{"type":"string"}}}}},"generation-vii":{"type":"object","properties":{"icons":{"type":"object","properties":{"front_default":{"type":"string"},"front_female":{}}},"ultra-sun-ultra-moon":{"type":"object","properties":{"front_default":{"type":"string"},"front_female":{"type":"string"},"front_shiny":{"type":"string"},"front_shiny_female":{"type":"string"}}}}},"generation-viii":{"type":"object","properties":{"icons":{"type":"object","properties":{"front_default":{"type":"string"},"front_female":{"type":"string"}}}}}}}}},"stats":{"type":"array","items":{"type":"object","properties":{"base_stat":{"type":"integer"},"effort":{"type":"integer"},"stat":{"type":"object","properties":{"name":{"type":"string"},"url":{"type":"string"}}}},"required":["base_stat","effort","stat"]}},"types":{"type":"array","items":{"type":"object","properties":{"slot":{"type":"integer"},"type":{"type":"object","properties":{"name":{"type":"string"},"url":{"type":"string"}}}},"required":["slot","type"]}},"weight":{"type":"integer"}}}}},"Respond_to_a_PowerApp_or_flow":{"runAfter":{"Apply_to_each":["Succeeded"]},"metadata":{"operationMetadataId":"65f7ab2f-d07d-448d-a0e6-d4b811b200b6"},"type":"Response","kind":"PowerApp","inputs":{"schema":{"type":"object","properties":{"pokemon":{"title":"pokemon","x-ms-dynamically-added":true,"type":"string"}},"additionalProperties":{}},"statusCode":200,"body":{"pokemon":"@variables('Respuesta')"}}},"Initialize_variable":{"runAfter":{"Parse_JSON":["Succeeded"]},"metadata":{"operationMetadataId":"7d9d74ef-c3f2-4072-b0c7-22709cf550fe"},"type":"InitializeVariable","inputs":{"variables":[{"name":"Respuesta","type":"string","value":"\n"}]}},"Apply_to_each":{"foreach":"@body('Parse_JSON')?['abilities']","actions":{"Set_variable":{"metadata":{"operationMetadataId":"1c86b8ee-90ab-4916-bfed-ecab9b5cd23f"},"type":"SetVariable","inputs":{"name":"Respuesta","value":"Nombre de una Habilidad: @{items('Apply_to_each')?['ability']?['name']}"}}},"runAfter":{"Initialize_variable":["Succeeded"]},"metadata":{"operationMetadataId":"1c7f9486-52b1-47fe-aa49-b1fe47b1b4ec"},"type":"Foreach"}}},"connectionReferences":{},"flowFailureAlertSubscribed":false,"isManaged":false}}