{"name":"b46cdbca-f962-43ad-afc5-2b6ae928bbfe","id":"/providers/Microsoft.Flow/flows/b46cdbca-f962-43ad-afc5-2b6ae928bbfe","type":"Microsoft.Flow/flows","properties":{"apiId":"/providers/Microsoft.PowerApps/apis/shared_logicflows","displayName":"Http -> Response - 2","definition":{"metadata":{"workflowEntityId":null,"processAdvisorMetadata":null,"flowChargedByPaygo":null,"flowclientsuspensionreason":"None","flowclientsuspensiontime":null,"flowclientsuspensionreasondetails":null,"creator":{"id":"0f955380-c8d4-4b77-92e8-fd94abf593e8","type":"User","tenantId":"585a4d92-db1d-4bbb-b5ac-c5299e3894e3"},"provisioningMethod":"FromDefinition","failureAlertSubscription":true,"clientLastModifiedTime":"2023-11-30T02:37:14.3965832Z","connectionKeySavedTimeKey":"2023-11-30T02:37:14.3965832Z"},"$schema":"https://schema.management.azure.com/providers/Microsoft.Logic/schemas/2016-06-01/workflowdefinition.json#","contentVersion":"1.0.0.0","parameters":{"$authentication":{"defaultValue":{},"type":"SecureObject"}},"triggers":{"manual":{"metadata":{"operationMetadataId":"5496702b-f266-45a3-82c7-00ed105ca825"},"type":"Request","kind":"Http","inputs":{"triggerAuthenticationType":"All"}}},"actions":{"Response":{"runAfter":{},"metadata":{"operationMetadataId":"05270bd2-33ad-4b5a-b6ab-87de8b859f7a"},"type":"Response","kind":"Http","inputs":{"statusCode":200,"body":"Hola Mundo"}}}},"connectionReferences":{},"flowFailureAlertSubscribed":false,"isManaged":false}}